Label,Category,Subcategory,Definition
"1.1","Threats, plans to harm and incitement","Threats of harm","The entry expresses intent, willingness or desire to harm a woman, group of women or individual women. This could include, but is not limited to: physical, sexual, emotional or privacy-based forms of harm. In some cases, the entry will describe how the speaker plans on manipulating a woman into thinking less of herself, which is a form of emotional abuse."
"1.2","Threats, plans to harm and incitement","Incitement and encouragement","The entry incites or encourages an individual, group, or general audience to harm a woman or group of women. This subcategory includes language where the author seeks to rationalise and/or justify harming women to another person. In some cases, the entry will encourage another person to threaten a woman or group of women with harm or wishing harm upon a woman or group without an explicit call to action."
"2.1","Derogation","Descriptive attacks","The entry characterises or describes women in a derogatory manner. This could include, but not limited to: negative generalisations about women’s abilities, appearance, sexual behaviour, intellect, character, or morals. Derogation is often expressed through adjectives, analogies, and comparison with men."
"2.2","Derogation","Aggressive and emotive attacks","The entry expresses strong negative sentiment against women, such as dislike, disgust, or hatred. This can be through direct description of the speaker’s subjective emotions, baseless accusations, or the use of gendered slurs, gender-based profanities and gender-based insults."
"2.3","Derogation","Dehumanising attacks and overt sexual objectification","The entry derogates women by comparing them to non-human entities such as vermin, disease or refuse, or overtly reduces them to sexual objects."
"3.1","Animosity","Casual use of gendered slurs, profanities, and insults","The entry contains gendered slurs, gender-based profanities and insults which are not being used to intentionally attack women. Only terms that traditionally describe women are in scope"
"3.2","Animosity","Immutable gender differences and gender stereotypes","The entry asserts immutable, natural or otherwise essential differences between men and women. In some cases, this could be in the form of using women’s traits to attack men. Most sexist jokes will fall into this category."
"3.3","Animosity","Backhanded gendered compliments","The entry is ostensibly complimentary, but belittles or implies inferiority on the part of women.This could include, but is not limited to: reduction of women’s value to their attractiveness or sexual desirability, implication that women are innately frail, helpless or weak, or emphasising traditionally “masculine” virtues in a woman as unusual or exceptional."
"3.4","Animosity","Condescending explanations or unwelcome advice","The entry offers unsolicited or patronising advice to women on topics and issues they know more about (known as mansplaining)."
"4.1","Prejudiced discussions","Supporting mistreatment of individual women","The entry expresses support for mistreatment of women as individuals. Support can be shown by denying, understating, or seeking to justify such mistreatment. For instance, the entry may present female victims of gendered abuse as having invited it by their actions, dress or similar (known as “victim-blaming”), Mistreatment includes, but is not limited to, physical abuse, sexual abuse, emotional abuse, privacy invasion, and any form of social control."
"4.2","Prejudiced discussions","Supporting systemic discrimination against women as a group","The entry expresses support for systemic discrimination of women as a group. Support can be shown by denying, understating, or seeking to justify such discrimination. This could include, but is not limited to, discrimination against women in the workplace, in legal or educational institutions, and in the economy or in society at large. It includes pro-men statements. The entry may seek support by establishing the idea that men are more oppressed than women."